2015-01-25;linux;248
2015-01-25;windows;531
2015-01-25;perl;59
2015-01-25;python;49
2015-01-25;ruby;15
2015-01-25;ccna;33
2015-01-25;cissp;10
2015-01-25;lpic;0
2015-01-25;linux perl;26
2015-01-25;linux python;27
2015-01-25;linux ruby;10
2015-01-26;linux;254
2015-01-26;windows;563
2015-01-26;perl;59
2015-01-26;python;49
2015-01-26;ruby;15
2015-01-26;ccna;35
2015-01-26;cissp;10
2015-01-26;lpic;0
2015-01-26;linux perl;26
2015-01-26;linux python;27
2015-01-26;linux ruby;10
2015-01-27;linux;254
2015-01-27;windows;570
2015-01-27;perl;62
2015-01-27;python;49
2015-01-27;ruby;15
2015-01-27;ccna;37
2015-01-27;cissp;10
2015-01-27;lpic;0
2015-01-27;linux perl;27
2015-01-27;linux python;26
2015-01-27;linux ruby;10
2015-01-28;linux;262
2015-01-28;windows;588
2015-01-28;perl;63
2015-01-28;python;50
2015-01-28;ruby;17
2015-01-28;ccna;37
2015-01-28;cissp;10
2015-01-28;lpic;0
2015-01-28;linux perl;27
2015-01-28;linux python;26
2015-01-28;linux ruby;10
2015-01-29;linux;269
2015-01-29;windows;593
2015-01-29;perl;66
2015-01-29;python;51
2015-01-29;ruby;17
2015-01-29;ccna;38
2015-01-29;cissp;9
2015-01-29;lpic;0
2015-01-29;linux perl;29
2015-01-29;linux python;27
2015-01-29;linux ruby;10
2015-01-30;linux;277
2015-01-30;windows;595
2015-01-30;perl;65
2015-01-30;python;51
2015-01-30;ruby;17
2015-01-30;ccna;41
2015-01-30;cissp;9
2015-01-30;lpic;0
2015-01-30;linux perl;29
2015-01-30;linux python;27
2015-01-30;linux ruby;10
2015-01-31;linux;267
2015-01-31;windows;573
2015-01-31;perl;62
2015-01-31;python;48
2015-01-31;ruby;17
2015-01-31;ccna;39
2015-01-31;cissp;9
2015-01-31;lpic;0
2015-01-31;linux perl;28
2015-01-31;linux python;24
2015-01-31;linux ruby;10
2015-02-01;linux;267
2015-02-01;windows;569
2015-02-01;perl;62
2015-02-01;python;48
2015-02-01;ruby;17
2015-02-01;ccna;39
2015-02-01;cissp;9
2015-02-01;lpic;0
2015-02-01;linux perl;28
2015-02-01;linux python;24
2015-02-01;linux ruby;10
2015-02-02;linux;275
2015-02-02;windows;586
2015-02-02;perl;64
2015-02-02;python;50
2015-02-02;ruby;18
2015-02-02;ccna;42
2015-02-02;cissp;9
2015-02-02;lpic;0
2015-02-02;linux perl;28
2015-02-02;linux python;26
2015-02-02;linux ruby;10
2015-02-03;linux;279
2015-02-03;windows;591
2015-02-03;perl;69
2015-02-03;python;51
2015-02-03;ruby;18
2015-02-03;ccna;43
2015-02-03;cissp;8
2015-02-03;lpic;0
2015-02-03;linux perl;30
2015-02-03;linux python;27
2015-02-03;linux ruby;10
2015-02-04;linux;283
2015-02-04;windows;593
2015-02-04;perl;71
2015-02-04;python;50
2015-02-04;ruby;18
2015-02-04;ccna;44
2015-02-04;cissp;8
2015-02-04;lpic;0
2015-02-04;linux perl;32
2015-02-04;linux python;27
2015-02-04;linux ruby;10
2015-02-05;linux;279
2015-02-05;windows;600
2015-02-05;perl;72
2015-02-05;python;50
2015-02-05;ruby;18
2015-02-05;ccna;43
2015-02-05;cissp;9
2015-02-05;lpic;0
2015-02-05;linux perl;32
2015-02-05;linux python;27
2015-02-05;linux ruby;10
2015-02-06;linux;284
2015-02-06;windows;596
2015-02-06;perl;74
2015-02-06;python;51
2015-02-06;ruby;19
2015-02-06;ccna;40
2015-02-06;cissp;9
2015-02-06;lpic;0
2015-02-06;linux perl;33
2015-02-06;linux python;27
2015-02-06;linux ruby;11
2015-02-07;linux;282
2015-02-07;windows;585
2015-02-07;perl;74
2015-02-07;python;51
2015-02-07;ruby;19
2015-02-07;ccna;39
2015-02-07;cissp;9
2015-02-07;lpic;0
2015-02-07;linux perl;33
2015-02-07;linux python;27
2015-02-07;linux ruby;11
2015-02-08;linux;262
2015-02-08;windows;557
2015-02-08;perl;72
2015-02-08;python;50
2015-02-08;ruby;19
2015-02-08;ccna;39
2015-02-08;cissp;9
2015-02-08;lpic;0
2015-02-08;linux perl;32
2015-02-08;linux python;26
2015-02-08;linux ruby;11
2015-02-09;linux;271
2015-02-09;windows;571
2015-02-09;perl;70
2015-02-09;python;48
2015-02-09;ruby;16
2015-02-09;ccna;43
2015-02-09;cissp;9
2015-02-09;lpic;0
2015-02-09;linux perl;33
2015-02-09;linux python;24
2015-02-09;linux ruby;9
2015-02-10;linux;269
2015-02-10;windows;555
2015-02-10;perl;67
2015-02-10;python;46
2015-02-10;ruby;14
2015-02-10;ccna;43
2015-02-10;cissp;10
2015-02-10;lpic;0
2015-02-10;linux perl;32
2015-02-10;linux python;22
2015-02-10;linux ruby;8
2015-02-11;linux;271
2015-02-11;windows;563
2015-02-11;perl;67
2015-02-11;python;47
2015-02-11;ruby;14
2015-02-11;ccna;42
2015-02-11;cissp;10
2015-02-11;lpic;0
2015-02-11;linux perl;32
2015-02-11;linux python;22
2015-02-11;linux ruby;8
2015-02-12;linux;284
2015-02-12;windows;584
2015-02-12;perl;71
2015-02-12;python;51
2015-02-12;ruby;14
2015-02-12;ccna;43
2015-02-12;cissp;11
2015-02-12;lpic;0
2015-02-12;linux perl;35
2015-02-12;linux python;25
2015-02-12;linux ruby;8
2015-02-13;linux;281
2015-02-13;windows;592
2015-02-13;perl;71
2015-02-13;python;54
2015-02-13;ruby;16
2015-02-13;ccna;44
2015-02-13;cissp;10
2015-02-13;lpic;0
2015-02-13;linux perl;35
2015-02-13;linux python;26
2015-02-13;linux ruby;8
2015-02-14;linux;267
2015-02-14;windows;571
2015-02-14;perl;69
2015-02-14;python;54
2015-02-14;ruby;15
2015-02-14;ccna;39
2015-02-14;cissp;10
2015-02-14;lpic;0
2015-02-14;linux perl;33
2015-02-14;linux python;26
2015-02-14;linux ruby;8
2015-02-15;linux;256
2015-02-15;windows;542
2015-02-15;perl;64
2015-02-15;python;52
2015-02-15;ruby;14
2015-02-15;ccna;38
2015-02-15;cissp;7
2015-02-15;lpic;0
2015-02-15;linux perl;31
2015-02-15;linux python;25
2015-02-15;linux ruby;7
2015-02-16;linux;264
2015-02-16;windows;552
2015-02-16;perl;66
2015-02-16;python;51
2015-02-16;ruby;16
2015-02-16;ccna;39
2015-02-16;cissp;6
2015-02-16;lpic;0
2015-02-16;linux perl;30
2015-02-16;linux python;22
2015-02-16;linux ruby;7
2015-02-17;linux;259
2015-02-17;windows;561
2015-02-17;perl;66
2015-02-17;python;52
2015-02-17;ruby;15
2015-02-17;ccna;42
2015-02-17;cissp;6
2015-02-17;lpic;0
2015-02-17;linux perl;30
2015-02-17;linux python;22
2015-02-17;linux ruby;6
2015-02-18;linux;274
2015-02-18;windows;575
2015-02-18;perl;71
2015-02-18;python;55
2015-02-18;ruby;15
2015-02-18;ccna;42
2015-02-18;cissp;6
2015-02-18;lpic;0
2015-02-18;linux perl;33
2015-02-18;linux python;25
2015-02-18;linux ruby;6
2015-02-19;linux;280
2015-02-19;windows;592
2015-02-19;perl;73
2015-02-19;python;55
2015-02-19;ruby;15
2015-02-19;ccna;43
2015-02-19;cissp;7
2015-02-19;lpic;0
2015-02-19;linux perl;33
2015-02-19;linux python;26
2015-02-19;linux ruby;6
2015-02-20;linux;279
2015-02-20;windows;588
2015-02-20;perl;70
2015-02-20;python;53
2015-02-20;ruby;15
2015-02-20;ccna;41
2015-02-20;cissp;10
2015-02-20;lpic;0
2015-02-20;linux perl;32
2015-02-20;linux python;25
2015-02-20;linux ruby;6
2015-02-21;linux;265
2015-02-21;windows;551
2015-02-21;perl;69
2015-02-21;python;51
2015-02-21;ruby;15
2015-02-21;ccna;36
2015-02-21;cissp;10
2015-02-21;lpic;0
2015-02-21;linux perl;32
2015-02-21;linux python;25
2015-02-21;linux ruby;6
2015-02-22;linux;259
2015-02-22;windows;539
2015-02-22;perl;70
2015-02-22;python;50
2015-02-22;ruby;15
2015-02-22;ccna;35
2015-02-22;cissp;10
2015-02-22;lpic;0
2015-02-22;linux perl;32
2015-02-22;linux python;25
2015-02-22;linux ruby;6
2015-02-23;linux;263
2015-02-23;windows;569
2015-02-23;perl;76
2015-02-23;python;52
2015-02-23;ruby;14
2015-02-23;ccna;39
2015-02-23;cissp;10
2015-02-23;lpic;0
2015-02-23;linux perl;33
2015-02-23;linux python;24
2015-02-23;linux ruby;6
2015-02-24;linux;259
2015-02-24;windows;578
2015-02-24;perl;75
2015-02-24;python;52
2015-02-24;ruby;12
2015-02-24;ccna;38
2015-02-24;cissp;11
2015-02-24;lpic;0
2015-02-24;linux perl;33
2015-02-24;linux python;22
2015-02-24;linux ruby;4
2015-02-25;linux;267
2015-02-25;windows;581
2015-02-25;perl;76
2015-02-25;python;54
2015-02-25;ruby;12
2015-02-25;ccna;39
2015-02-25;cissp;11
2015-02-25;lpic;0
2015-02-25;linux perl;34
2015-02-25;linux python;24
2015-02-25;linux ruby;4
2015-02-26;linux;268
2015-02-26;windows;590
2015-02-26;perl;73
2015-02-26;python;52
2015-02-26;ruby;12
2015-02-26;ccna;38
2015-02-26;cissp;11
2015-02-26;lpic;0
2015-02-26;linux perl;34
2015-02-26;linux python;24
2015-02-26;linux ruby;4
2015-02-27;linux;267
2015-02-27;windows;581
2015-02-27;perl;72
2015-02-27;python;51
2015-02-27;ruby;12
2015-02-27;ccna;40
2015-02-27;cissp;10
2015-02-27;lpic;0
2015-02-27;linux perl;31
2015-02-27;linux python;23
2015-02-27;linux ruby;4
2015-02-28;linux;263
2015-02-28;windows;548
2015-02-28;perl;70
2015-02-28;python;50
2015-02-28;ruby;12
2015-02-28;ccna;38
2015-02-28;cissp;9
2015-02-28;lpic;0
2015-02-28;linux perl;30
2015-02-28;linux python;23
2015-02-28;linux ruby;4
2015-03-01;linux;249
2015-03-01;windows;525
2015-03-01;perl;68
2015-03-01;python;48
2015-03-01;ruby;11
2015-03-01;ccna;36
2015-03-01;cissp;9
2015-03-01;lpic;0
2015-03-01;linux perl;29
2015-03-01;linux python;22
2015-03-01;linux ruby;4
2015-03-02;linux;253
2015-03-02;windows;548
2015-03-02;perl;66
2015-03-02;python;49
2015-03-02;ruby;11
2015-03-02;ccna;37
2015-03-02;cissp;10
2015-03-02;lpic;0
2015-03-02;linux perl;30
2015-03-02;linux python;24
2015-03-02;linux ruby;4
2015-03-03;linux;257
2015-03-03;windows;542
2015-03-03;perl;69
2015-03-03;python;50
2015-03-03;ruby;11
2015-03-03;ccna;32
2015-03-03;cissp;10
2015-03-03;lpic;0
2015-03-03;linux perl;31
2015-03-03;linux python;24
2015-03-03;linux ruby;4
2015-03-04;linux;261
2015-03-04;windows;542
2015-03-04;perl;69
2015-03-04;python;53
2015-03-04;ruby;12
2015-03-04;ccna;37
2015-03-04;cissp;11
2015-03-04;lpic;0
2015-03-04;linux perl;31
2015-03-04;linux python;25
2015-03-04;linux ruby;4
2015-03-05;linux;256
2015-03-05;windows;538
2015-03-05;perl;67
2015-03-05;python;53
2015-03-05;ruby;12
2015-03-05;ccna;40
2015-03-05;cissp;12
2015-03-05;lpic;0
2015-03-05;linux perl;29
2015-03-05;linux python;25
2015-03-05;linux ruby;4
2015-03-06;linux;264
2015-03-06;windows;545
2015-03-06;perl;67
2015-03-06;python;54
2015-03-06;ruby;13
2015-03-06;ccna;41
2015-03-06;cissp;13
2015-03-06;lpic;0
2015-03-06;linux perl;30
2015-03-06;linux python;25
2015-03-06;linux ruby;4
2015-03-07;linux;255
2015-03-07;windows;512
2015-03-07;perl;64
2015-03-07;python;54
2015-03-07;ruby;12
2015-03-07;ccna;40
2015-03-07;cissp;13
2015-03-07;lpic;0
2015-03-07;linux perl;28
2015-03-07;linux python;25
2015-03-07;linux ruby;3
2015-03-08;linux;253
2015-03-08;windows;511
2015-03-08;perl;64
2015-03-08;python;54
2015-03-08;ruby;12
2015-03-08;ccna;40
2015-03-08;cissp;13
2015-03-08;lpic;0
2015-03-08;linux perl;28
2015-03-08;linux python;25
2015-03-08;linux ruby;3
2015-03-09;linux;267
2015-03-09;windows;528
2015-03-09;perl;68
2015-03-09;python;54
2015-03-09;ruby;13
2015-03-09;ccna;42
2015-03-09;cissp;13
2015-03-09;lpic;0
2015-03-09;linux perl;29
2015-03-09;linux python;25
2015-03-09;linux ruby;4
2015-03-10;linux;265
2015-03-10;windows;531
2015-03-10;perl;67
2015-03-10;python;55
2015-03-10;ruby;13
2015-03-10;ccna;41
2015-03-10;cissp;13
2015-03-10;lpic;0
2015-03-10;linux perl;28
2015-03-10;linux python;26
2015-03-10;linux ruby;4
2015-03-11;linux;266
2015-03-11;windows;530
2015-03-11;perl;66
2015-03-11;python;57
2015-03-11;ruby;13
2015-03-11;ccna;42
2015-03-11;cissp;14
2015-03-11;lpic;0
2015-03-11;linux perl;28
2015-03-11;linux python;27
2015-03-11;linux ruby;4
2015-03-12;linux;269
2015-03-12;windows;532
2015-03-12;perl;66
2015-03-12;python;59
2015-03-12;ruby;13
2015-03-12;ccna;44
2015-03-12;cissp;14
2015-03-12;lpic;0
2015-03-12;linux perl;27
2015-03-12;linux python;28
2015-03-12;linux ruby;3
2015-03-13;linux;277
2015-03-13;windows;538
2015-03-13;perl;67
2015-03-13;python;61
2015-03-13;ruby;13
2015-03-13;ccna;45
2015-03-13;cissp;14
2015-03-13;lpic;0
2015-03-13;linux perl;28
2015-03-13;linux python;30
2015-03-13;linux ruby;3
2015-03-14;linux;266
2015-03-14;windows;508
2015-03-14;perl;63
2015-03-14;python;56
2015-03-14;ruby;11
2015-03-14;ccna;43
2015-03-14;cissp;14
2015-03-14;lpic;0
2015-03-14;linux perl;25
2015-03-14;linux python;28
2015-03-14;linux ruby;3
2015-03-15;linux;265
2015-03-15;windows;510
2015-03-15;perl;63
2015-03-15;python;56
2015-03-15;ruby;11
2015-03-15;ccna;43
2015-03-15;cissp;14
2015-03-15;lpic;0
2015-03-15;linux perl;25
2015-03-15;linux python;28
2015-03-15;linux ruby;3
2015-03-16;linux;269
2015-03-16;windows;540
2015-03-16;perl;63
2015-03-16;python;56
2015-03-16;ruby;12
2015-03-16;ccna;44
2015-03-16;cissp;14
2015-03-16;lpic;0
2015-03-16;linux perl;25
2015-03-16;linux python;27
2015-03-16;linux ruby;3
2015-03-17;linux;264
2015-03-17;windows;537
2015-03-17;perl;62
2015-03-17;python;58
2015-03-17;ruby;12
2015-03-17;ccna;42
2015-03-17;cissp;15
2015-03-17;lpic;0
2015-03-17;linux perl;25
2015-03-17;linux python;30
2015-03-17;linux ruby;3
2015-03-18;linux;261
2015-03-18;windows;536
2015-03-18;perl;61
2015-03-18;python;56
2015-03-18;ruby;11
2015-03-18;ccna;41
2015-03-18;cissp;15
2015-03-18;lpic;0
2015-03-18;linux perl;24
2015-03-18;linux python;29
2015-03-18;linux ruby;2
2015-03-19;linux;257
2015-03-19;windows;532
2015-03-19;perl;60
2015-03-19;python;57
2015-03-19;ruby;11
2015-03-19;ccna;38
2015-03-19;cissp;15
2015-03-19;lpic;0
2015-03-19;linux perl;22
2015-03-19;linux python;28
2015-03-19;linux ruby;1
2015-03-20;linux;257
2015-03-20;windows;529
2015-03-20;perl;57
2015-03-20;python;55
2015-03-20;ruby;12
2015-03-20;ccna;37
2015-03-20;cissp;14
2015-03-20;lpic;0
2015-03-20;linux perl;22
2015-03-20;linux python;28
2015-03-20;linux ruby;2
2015-03-21;linux;248
2015-03-21;windows;508
2015-03-21;perl;56
2015-03-21;python;55
2015-03-21;ruby;12
2015-03-21;ccna;37
2015-03-21;cissp;11
2015-03-21;lpic;0
2015-03-21;linux perl;21
2015-03-21;linux python;28
2015-03-21;linux ruby;2
2015-03-22;linux;248
2015-03-22;windows;501
2015-03-22;perl;56
2015-03-22;python;55
2015-03-22;ruby;12
2015-03-22;ccna;35
2015-03-22;cissp;11
2015-03-22;lpic;0
2015-03-22;linux perl;21
2015-03-22;linux python;28
2015-03-22;linux ruby;2
2015-03-23;linux;254
2015-03-23;windows;523
2015-03-23;perl;58
2015-03-23;python;60
2015-03-23;ruby;13
2015-03-23;ccna;36
2015-03-23;cissp;11
2015-03-23;lpic;0
2015-03-23;linux perl;22
2015-03-23;linux python;32
2015-03-23;linux ruby;3
2015-03-24;linux;241
2015-03-24;windows;511
2015-03-24;perl;60
2015-03-24;python;63
2015-03-24;ruby;15
2015-03-24;ccna;32
2015-03-24;cissp;11
2015-03-24;lpic;0
2015-03-24;linux perl;23
2015-03-24;linux python;35
2015-03-24;linux ruby;5
2015-03-25;linux;240
2015-03-25;windows;509
2015-03-25;perl;59
2015-03-25;python;61
2015-03-25;ruby;14
2015-03-25;ccna;32
2015-03-25;cissp;11
2015-03-25;lpic;0
2015-03-25;linux perl;22
2015-03-25;linux python;34
2015-03-25;linux ruby;5
2015-03-26;linux;241
2015-03-26;windows;516
2015-03-26;perl;62
2015-03-26;python;61
2015-03-26;ruby;14
2015-03-26;ccna;31
2015-03-26;cissp;13
2015-03-26;lpic;0
2015-03-26;linux perl;23
2015-03-26;linux python;34
2015-03-26;linux ruby;5
2015-03-27;linux;243
2015-03-27;windows;526
2015-03-27;perl;63
2015-03-27;python;62
2015-03-27;ruby;15
2015-03-27;ccna;34
2015-03-27;cissp;13
2015-03-27;lpic;0
2015-03-27;linux perl;24
2015-03-27;linux python;35
2015-03-27;linux ruby;6
2015-03-28;linux;235
2015-03-28;windows;505
2015-03-28;perl;60
2015-03-28;python;60
2015-03-28;ruby;14
2015-03-28;ccna;31
2015-03-28;cissp;13
2015-03-28;lpic;0
2015-03-28;linux perl;23
2015-03-28;linux python;34
2015-03-28;linux ruby;5
2015-03-29;linux;235
2015-03-29;windows;499
2015-03-29;perl;59
2015-03-29;python;60
2015-03-29;ruby;14
2015-03-29;ccna;32
2015-03-29;cissp;13
2015-03-29;lpic;0
2015-03-29;linux perl;23
2015-03-29;linux python;34
2015-03-29;linux ruby;5
2015-03-30;linux;249
2015-03-30;windows;526
2015-03-30;perl;62
2015-03-30;python;59
2015-03-30;ruby;13
2015-03-30;ccna;32
2015-03-30;cissp;13
2015-03-30;lpic;0
2015-03-30;linux perl;25
2015-03-30;linux python;33
2015-03-30;linux ruby;5
2015-03-31;linux;259
2015-03-31;windows;550
2015-03-31;perl;63
2015-03-31;python;61
2015-03-31;ruby;13
2015-03-31;ccna;33
2015-03-31;cissp;13
2015-03-31;lpic;0
2015-03-31;linux perl;26
2015-03-31;linux python;34
2015-03-31;linux ruby;5
2015-04-01;linux;267
2015-04-01;windows;565
2015-04-01;perl;66
2015-04-01;python;59
2015-04-01;ruby;14
2015-04-01;ccna;38
2015-04-01;cissp;13
2015-04-01;lpic;0
2015-04-01;linux perl;27
2015-04-01;linux python;33
2015-04-01;linux ruby;5
2015-04-02;linux;269
2015-04-02;windows;579
2015-04-02;perl;67
2015-04-02;python;59
2015-04-02;ruby;14
2015-04-02;ccna;40
2015-04-02;cissp;13
2015-04-02;lpic;0
2015-04-02;linux perl;27
2015-04-02;linux python;33
2015-04-02;linux ruby;5
2015-04-03;linux;254
2015-04-03;windows;549
2015-04-03;perl;64
2015-04-03;python;58
2015-04-03;ruby;14
2015-04-03;ccna;37
2015-04-03;cissp;11
2015-04-03;lpic;0
2015-04-03;linux perl;24
2015-04-03;linux python;32
2015-04-03;linux ruby;5
2015-04-04;linux;240
2015-04-04;windows;518
2015-04-04;perl;57
2015-04-04;python;51
2015-04-04;ruby;11
2015-04-04;ccna;35
2015-04-04;cissp;11
2015-04-04;lpic;0
2015-04-04;linux perl;23
2015-04-04;linux python;30
2015-04-04;linux ruby;5
2015-04-05;linux;231
2015-04-05;windows;507
2015-04-05;perl;56
2015-04-05;python;49
2015-04-05;ruby;11
2015-04-05;ccna;33
2015-04-05;cissp;10
2015-04-05;lpic;0
2015-04-05;linux perl;23
2015-04-05;linux python;29
2015-04-05;linux ruby;5
2015-04-06;linux;223
2015-04-06;windows;495
2015-04-06;perl;54
2015-04-06;python;47
2015-04-06;ruby;11
2015-04-06;ccna;30
2015-04-06;cissp;9
2015-04-06;lpic;0
2015-04-06;linux perl;22
2015-04-06;linux python;27
2015-04-06;linux ruby;5
2015-04-07;linux;233
2015-04-07;windows;488
2015-04-07;perl;59
2015-04-07;python;53
2015-04-07;ruby;12
2015-04-07;ccna;33
2015-04-07;cissp;9
2015-04-07;lpic;0
2015-04-07;linux perl;27
2015-04-07;linux python;33
2015-04-07;linux ruby;6
2015-04-08;linux;254
2015-04-08;windows;517
2015-04-08;perl;63
2015-04-08;python;53
2015-04-08;ruby;13
2015-04-08;ccna;35
2015-04-08;cissp;9
2015-04-08;lpic;0
2015-04-08;linux perl;29
2015-04-08;linux python;33
2015-04-08;linux ruby;7
2015-04-09;linux;273
2015-04-09;windows;547
2015-04-09;perl;68
2015-04-09;python;54
2015-04-09;ruby;14
2015-04-09;ccna;33
2015-04-09;cissp;9
2015-04-09;lpic;0
2015-04-09;linux perl;31
2015-04-09;linux python;33
2015-04-09;linux ruby;8
2015-04-10;linux;272
2015-04-10;windows;555
2015-04-10;perl;64
2015-04-10;python;55
2015-04-10;ruby;15
2015-04-10;ccna;32
2015-04-10;cissp;9
2015-04-10;lpic;0
2015-04-10;linux perl;31
2015-04-10;linux python;32
2015-04-10;linux ruby;9
2015-04-11;linux;263
2015-04-11;windows;532
2015-04-11;perl;59
2015-04-11;python;50
2015-04-11;ruby;15
2015-04-11;ccna;31
2015-04-11;cissp;10
2015-04-11;lpic;0
2015-04-11;linux perl;28
2015-04-11;linux python;28
2015-04-11;linux ruby;9
2015-04-12;linux;260
2015-04-12;windows;521
2015-04-12;perl;58
2015-04-12;python;49
2015-04-12;ruby;15
2015-04-12;ccna;30
2015-04-12;cissp;9
2015-04-12;lpic;0
2015-04-12;linux perl;27
2015-04-12;linux python;28
2015-04-12;linux ruby;9
2015-04-13;linux;258
2015-04-13;windows;521
2015-04-13;perl;59
2015-04-13;python;48
2015-04-13;ruby;15
2015-04-13;ccna;28
2015-04-13;cissp;9
2015-04-13;lpic;0
2015-04-13;linux perl;27
2015-04-13;linux python;26
2015-04-13;linux ruby;9
2015-04-14;linux;265
2015-04-14;windows;515
2015-04-14;perl;60
2015-04-14;python;48
2015-04-14;ruby;15
2015-04-14;ccna;30
2015-04-14;cissp;9
2015-04-14;lpic;0
2015-04-14;linux perl;29
2015-04-14;linux python;27
2015-04-14;linux ruby;9
2015-04-15;linux;266
2015-04-15;windows;535
2015-04-15;perl;60
2015-04-15;python;48
2015-04-15;ruby;15
2015-04-15;ccna;30
2015-04-15;cissp;11
2015-04-15;lpic;0
2015-04-15;linux perl;29
2015-04-15;linux python;27
2015-04-15;linux ruby;9
2015-04-16;linux;269
2015-04-16;windows;547
2015-04-16;perl;62
2015-04-16;python;47
2015-04-16;ruby;15
2015-04-16;ccna;29
2015-04-16;cissp;11
2015-04-16;lpic;0
2015-04-16;linux perl;29
2015-04-16;linux python;26
2015-04-16;linux ruby;9
2015-04-17;linux;270
2015-04-17;windows;542
2015-04-17;perl;64
2015-04-17;python;48
2015-04-17;ruby;15
2015-04-17;ccna;30
2015-04-17;cissp;11
2015-04-17;lpic;0
2015-04-17;linux perl;31
2015-04-17;linux python;27
2015-04-17;linux ruby;9
2015-04-18;linux;263
2015-04-18;windows;520
2015-04-18;perl;63
2015-04-18;python;47
2015-04-18;ruby;14
2015-04-18;ccna;29
2015-04-18;cissp;10
2015-04-18;lpic;0
2015-04-18;linux perl;30
2015-04-18;linux python;26
2015-04-18;linux ruby;9
2015-04-19;linux;257
2015-04-19;windows;507
2015-04-19;perl;62
2015-04-19;python;46
2015-04-19;ruby;14
2015-04-19;ccna;29
2015-04-19;cissp;10
2015-04-19;lpic;0
2015-04-19;linux perl;30
2015-04-19;linux python;26
2015-04-19;linux ruby;9
2015-04-20;linux;267
2015-04-20;windows;520
2015-04-20;perl;62
2015-04-20;python;43
2015-04-20;ruby;14
2015-04-20;ccna;32
2015-04-20;cissp;10
2015-04-20;lpic;0
2015-04-20;linux perl;32
2015-04-20;linux python;23
2015-04-20;linux ruby;9
2015-04-21;linux;279
2015-04-21;windows;529
2015-04-21;perl;64
2015-04-21;python;44
2015-04-21;ruby;15
2015-04-21;ccna;32
2015-04-21;cissp;10
2015-04-21;lpic;0
2015-04-21;linux perl;33
2015-04-21;linux python;24
2015-04-21;linux ruby;9
2015-04-22;linux;280
2015-04-22;windows;540
2015-04-22;perl;63
2015-04-22;python;45
2015-04-22;ruby;13
2015-04-22;ccna;32
2015-04-22;cissp;10
2015-04-22;lpic;0
2015-04-22;linux perl;31
2015-04-22;linux python;25
2015-04-22;linux ruby;8
2015-04-23;linux;288
2015-04-23;windows;554
2015-04-23;perl;67
2015-04-23;python;50
2015-04-23;ruby;15
2015-04-23;ccna;33
2015-04-23;cissp;10
2015-04-23;lpic;0
2015-04-23;linux perl;34
2015-04-23;linux python;29
2015-04-23;linux ruby;10
2015-04-25;linux;288
2015-04-25;windows;525
2015-04-25;perl;61
2015-04-25;python;48
2015-04-25;ruby;14
2015-04-25;ccna;35
2015-04-25;cissp;10
2015-04-25;lpic;0
2015-04-25;linux perl;34
2015-04-25;linux python;27
2015-04-25;linux ruby;9
2015-04-26;linux;283
2015-04-26;windows;512
2015-04-26;perl;60
2015-04-26;python;48
2015-04-26;ruby;14
2015-04-26;ccna;35
2015-04-26;cissp;9
2015-04-26;lpic;0
2015-04-26;linux perl;34
2015-04-26;linux python;27
2015-04-26;linux ruby;9
2015-04-27;linux;288
2015-04-27;windows;541
2015-04-27;perl;60
2015-04-27;python;47
2015-04-27;ruby;14
2015-04-27;ccna;36
2015-04-27;cissp;11
2015-04-27;lpic;0
2015-04-27;linux perl;34
2015-04-27;linux python;27
2015-04-27;linux ruby;9
2015-04-28;linux;288
2015-04-28;windows;554
2015-04-28;perl;63
2015-04-28;python;49
2015-04-28;ruby;16
2015-04-28;ccna;30
2015-04-28;cissp;11
2015-04-28;lpic;0
2015-04-28;linux perl;34
2015-04-28;linux python;27
2015-04-28;linux ruby;10
2015-04-29;linux;295
2015-04-29;windows;569
2015-04-29;perl;68
2015-04-29;python;53
2015-04-29;ruby;16
2015-04-29;ccna;31
2015-04-29;cissp;12
2015-04-29;lpic;0
2015-04-29;linux perl;36
2015-04-29;linux python;28
2015-04-29;linux ruby;10
2015-04-30;linux;305
2015-04-30;windows;594
2015-04-30;perl;72
2015-04-30;python;59
2015-04-30;ruby;17
2015-04-30;ccna;31
2015-04-30;cissp;12
2015-04-30;lpic;0
2015-04-30;linux perl;39
2015-04-30;linux python;30
2015-04-30;linux ruby;11
2015-05-01;linux;292
2015-05-01;windows;560
2015-05-01;perl;73
2015-05-01;python;58
2015-05-01;ruby;17
2015-05-01;ccna;30
2015-05-01;cissp;11
2015-05-01;lpic;0
2015-05-01;linux perl;39
2015-05-01;linux python;30
2015-05-01;linux ruby;11
2015-05-02;linux;272
2015-05-02;windows;513
2015-05-02;perl;67
2015-05-02;python;55
2015-05-02;ruby;15
2015-05-02;ccna;22
2015-05-02;cissp;11
2015-05-02;lpic;0
2015-05-02;linux perl;36
2015-05-02;linux python;28
2015-05-02;linux ruby;10
2015-05-03;linux;268
2015-05-03;windows;498
2015-05-03;perl;66
2015-05-03;python;55
2015-05-03;ruby;15
2015-05-03;ccna;22
2015-05-03;cissp;11
2015-05-03;lpic;0
2015-05-03;linux perl;36
2015-05-03;linux python;28
2015-05-03;linux ruby;10
2015-05-04;linux;295
2015-05-04;windows;550
2015-05-04;perl;72
2015-05-04;python;58
2015-05-04;ruby;16
2015-05-04;ccna;22
2015-05-04;cissp;13
2015-05-04;lpic;0
2015-05-04;linux perl;39
2015-05-04;linux python;29
2015-05-04;linux ruby;11
2015-05-05;linux;301
2015-05-05;windows;579
2015-05-05;perl;75
2015-05-05;python;60
2015-05-05;ruby;16
2015-05-05;ccna;24
2015-05-05;cissp;13
2015-05-05;lpic;0
2015-05-05;linux perl;39
2015-05-05;linux python;31
2015-05-05;linux ruby;11
2015-05-06;linux;304
2015-05-06;windows;603
2015-05-06;perl;75
2015-05-06;python;60
2015-05-06;ruby;18
2015-05-06;ccna;24
2015-05-06;cissp;12
2015-05-06;lpic;0
2015-05-06;linux perl;38
2015-05-06;linux python;31
2015-05-06;linux ruby;12
2015-05-07;linux;310
2015-05-07;windows;608
2015-05-07;perl;75
2015-05-07;python;64
2015-05-07;ruby;20
2015-05-07;ccna;26
2015-05-07;cissp;12
2015-05-07;lpic;0
2015-05-07;linux perl;38
2015-05-07;linux python;33
2015-05-07;linux ruby;13
2015-05-08;linux;299
2015-05-08;windows;573
2015-05-08;perl;69
2015-05-08;python;61
2015-05-08;ruby;20
2015-05-08;ccna;24
2015-05-08;cissp;10
2015-05-08;lpic;0
2015-05-08;linux perl;32
2015-05-08;linux python;30
2015-05-08;linux ruby;13
2015-05-09;linux;276
2015-05-09;windows;539
2015-05-09;perl;64
2015-05-09;python;61
2015-05-09;ruby;19
2015-05-09;ccna;24
2015-05-09;cissp;10
2015-05-09;lpic;0
2015-05-09;linux perl;29
2015-05-09;linux python;30
2015-05-09;linux ruby;12
2015-05-10;linux;266
2015-05-10;windows;524
2015-05-10;perl;60
2015-05-10;python;59
2015-05-10;ruby;18
2015-05-10;ccna;24
2015-05-10;cissp;10
2015-05-10;lpic;0
2015-05-10;linux perl;28
2015-05-10;linux python;30
2015-05-10;linux ruby;11
2015-05-11;linux;282
2015-05-11;windows;563
2015-05-11;perl;66
2015-05-11;python;62
2015-05-11;ruby;18
2015-05-11;ccna;26
2015-05-11;cissp;9
2015-05-11;lpic;0
2015-05-11;linux perl;32
2015-05-11;linux python;32
2015-05-11;linux ruby;11
2015-05-12;linux;287
2015-05-12;windows;571
2015-05-12;perl;69
2015-05-12;python;64
2015-05-12;ruby;20
2015-05-12;ccna;26
2015-05-12;cissp;9
2015-05-12;lpic;0
2015-05-12;linux perl;32
2015-05-12;linux python;32
2015-05-12;linux ruby;12
2015-05-13;linux;299
2015-05-13;windows;585
2015-05-13;perl;67
2015-05-13;python;65
2015-05-13;ruby;20
2015-05-13;ccna;26
2015-05-13;cissp;9
2015-05-13;lpic;0
2015-05-13;linux perl;33
2015-05-13;linux python;33
2015-05-13;linux ruby;12
2015-05-14;linux;310
2015-05-14;windows;597
2015-05-14;perl;70
2015-05-14;python;70
2015-05-14;ruby;20
2015-05-14;ccna;27
2015-05-14;cissp;9
2015-05-14;lpic;0
2015-05-14;linux perl;37
2015-05-14;linux python;36
2015-05-14;linux ruby;12
